Date,High,Low,Open,Close,Volume,Adj Close
2017-06-16,616.0,594.0,616.0,594.0,30,594.0
2017-06-19,6310.31982421875,6310.31982421875,6310.31982421875,6310.31982421875,0,6310.31982421875
2017-06-20,599.0,599.0,599.0,599.0,500,599.0
2017-06-21,6266.7099609375,6266.7099609375,6266.7099609375,6266.7099609375,0,6266.7099609375
2017-06-22,600.0,600.0,600.0,600.0,10,600.0
2017-06-23,6415.68017578125,6415.68017578125,6415.68017578125,6415.68017578125,0,6415.68017578125
2017-06-26,623.0,620.0,620.0,623.0,1010,623.0
2017-06-27,646.0,630.0,640.0,644.0,680,644.0
2017-06-28,706.0,639.0,684.0,639.0,4600,639.0
2017-06-29,652.0,643.0,643.0,648.0,1270,648.0
2017-06-30,658.0,639.0,658.0,643.0,110,643.0
2017-07-03,640.0,639.0,640.0,639.0,120,639.0
2017-07-04,645.0,645.0,645.0,645.0,30,645.0
2017-07-05,647.0,640.0,641.0,647.0,910,647.0
2017-07-06,647.0,640.0,646.0,647.0,130,647.0
2017-07-07,653.0,653.0,653.0,653.0,300,653.0
2017-07-10,663.0,660.0,663.0,660.0,1190,660.0
2017-07-11,662.0,662.0,662.0,662.0,80,662.0
2017-07-12,661.0,657.0,661.0,657.0,290,657.0
2017-07-13,672.0,661.0,664.0,669.0,560,669.0
2017-07-14,671.0,670.0,671.0,670.0,180,670.0
2017-07-17,6758.47998046875,6758.47998046875,6758.47998046875,6758.47998046875,0,6758.47998046875
2017-07-18,670.0,670.0,670.0,670.0,100,670.0
2017-07-19,671.0,671.0,671.0,671.0,10,671.0
2017-07-20,6733.330078125,6733.330078125,6733.330078125,6733.330078125,0,6733.330078125
2017-07-21,671.0,671.0,671.0,671.0,150,671.0
2017-07-24,676.0,669.0,676.0,676.0,1590,676.0
2017-07-25,6768.830078125,6768.830078125,6768.830078125,6768.830078125,0,6768.830078125
2017-07-26,680.0,664.0,680.0,664.0,440,664.0
2017-07-27,663.0,661.0,661.0,663.0,1000,663.0
2017-07-28,663.0,645.0,663.0,647.0,1530,647.0
2017-07-31,657.0,635.0,657.0,639.0,2500,639.0
2017-08-01,629.0,629.0,629.0,629.0,500,629.0
2017-08-02,653.0,653.0,653.0,653.0,510,653.0
2017-08-03,653.0,632.0,653.0,632.0,110,632.0
2017-08-04,639.0,639.0,639.0,639.0,1250,639.0
2017-08-07,639.0,639.0,639.0,639.0,0,639.0
2017-08-08,639.0,639.0,639.0,639.0,0,639.0
2017-08-09,637.0,621.0,637.0,621.0,440,621.0
2017-08-10,615.0,604.0,615.0,611.0,340,611.0
2017-08-11,611.0,611.0,611.0,611.0,0,611.0
2017-08-14,611.0,611.0,611.0,611.0,0,611.0
2017-08-15,608.0,608.0,608.0,608.0,10,608.0
2017-08-16,620.0,620.0,620.0,620.0,140,620.0
2017-08-17,621.0,620.0,620.0,620.0,160,620.0
2017-08-18,620.0,620.0,620.0,620.0,0,620.0
2017-08-21,640.0,592.0,613.0,602.0,1890,602.0
2017-08-22,602.0,602.0,602.0,602.0,150,602.0
2017-08-23,623.0,621.0,623.0,621.0,330,621.0
2017-08-24,631.0,628.0,631.0,628.0,100,628.0
2017-08-25,629.0,629.0,629.0,629.0,20,629.0
2017-08-28,629.0,629.0,629.0,629.0,0,629.0
2017-08-29,628.0,608.0,619.0,612.0,580,612.0
2017-08-30,621.0,621.0,621.0,621.0,500,621.0
2017-08-31,626.0,626.0,626.0,626.0,30,626.0
2017-09-01,626.0,626.0,626.0,626.0,0,626.0
2017-09-04,626.0,626.0,626.0,626.0,0,626.0
2017-09-05,603.0,603.0,603.0,603.0,220,603.0
2017-09-06,597.0,595.0,597.0,595.0,760,595.0
2017-09-07,616.0,610.0,610.0,616.0,1080,616.0
2017-09-08,617.0,608.0,608.0,616.0,160,616.0
2017-09-11,627.0,627.0,627.0,627.0,10,627.0
2017-09-12,630.0,612.0,630.0,612.0,120,612.0
2017-09-13,632.0,632.0,632.0,632.0,10,632.0
2017-09-14,638.0,636.0,638.0,637.0,330,637.0
2017-09-15,637.0,637.0,637.0,637.0,0,637.0
2017-09-18,637.0,637.0,637.0,637.0,0,637.0
2017-09-19,669.0,656.0,657.0,656.0,1890,656.0
2017-09-20,666.0,666.0,666.0,666.0,100,666.0
2017-09-21,668.0,665.0,668.0,665.0,200,665.0
2017-09-22,665.0,665.0,665.0,665.0,0,665.0
2017-09-25,666.0,664.0,664.0,665.0,310,665.0
2017-09-26,665.0,665.0,665.0,665.0,0,665.0
2017-09-27,645.0,645.0,645.0,645.0,10,645.0
2017-09-28,645.0,645.0,645.0,645.0,0,645.0
2017-09-29,645.0,645.0,645.0,645.0,20,645.0
2017-10-02,645.0,645.0,645.0,645.0,0,645.0
2017-10-03,645.0,645.0,645.0,645.0,0,645.0
2017-10-04,645.0,645.0,645.0,645.0,0,645.0
2017-10-05,645.0,645.0,645.0,645.0,0,645.0
2017-10-06,645.0,645.0,645.0,645.0,0,645.0
2017-10-09,645.0,645.0,645.0,645.0,0,645.0
2017-10-10,671.0,652.0,652.0,671.0,200,671.0
2017-10-11,681.0,672.0,672.0,681.0,720,681.0
2017-10-12,691.0,685.0,685.0,691.0,480,691.0
2017-10-13,699.0,697.0,699.0,697.0,1500,697.0
2017-10-16,697.0,697.0,697.0,697.0,0,697.0
2017-10-17,697.0,697.0,697.0,697.0,0,697.0
2017-10-18,697.0,697.0,697.0,697.0,0,697.0
2017-10-19,697.0,697.0,697.0,697.0,0,697.0
2017-10-20,697.0,697.0,697.0,697.0,0,697.0
2017-10-23,697.0,697.0,697.0,697.0,0,697.0
2017-10-24,697.0,697.0,697.0,697.0,0,697.0
2017-10-25,710.0,706.0,706.0,710.0,1310,710.0
2017-10-26,710.0,710.0,710.0,710.0,0,710.0
2017-10-27,708.0,708.0,708.0,708.0,700,708.0
2017-10-30,708.0,708.0,708.0,708.0,0,708.0
2017-10-31,708.0,708.0,708.0,708.0,0,708.0
2017-11-01,747.0,737.0,737.0,747.0,2370,747.0
2017-11-02,747.0,747.0,747.0,747.0,0,747.0
2017-11-03,747.0,747.0,747.0,747.0,0,747.0
2017-11-06,752.0,746.0,750.0,751.0,170,751.0
2017-11-07,745.0,745.0,745.0,745.0,40,745.0
2017-11-08,745.0,745.0,745.0,745.0,0,745.0
2017-11-09,746.0,745.0,745.0,745.0,2020,745.0
2017-11-10,745.0,745.0,745.0,745.0,0,745.0
2017-11-13,725.0,725.0,725.0,725.0,30,725.0
2017-11-14,725.0,725.0,725.0,725.0,0,725.0
2017-11-15,737.0,737.0,737.0,737.0,10,737.0
2017-11-16,737.0,737.0,737.0,737.0,0,737.0
2017-11-17,737.0,737.0,737.0,737.0,0,737.0
2017-11-20,737.0,737.0,737.0,737.0,0,737.0
2017-11-21,737.0,737.0,737.0,737.0,1000,737.0
2017-11-22,737.0,737.0,737.0,737.0,0,737.0
2017-11-23,737.0,737.0,737.0,737.0,0,737.0
2017-11-24,726.0,726.0,726.0,726.0,1330,726.0
2017-11-27,696.0,696.0,696.0,696.0,10,696.0
2017-11-28,696.0,696.0,696.0,696.0,0,696.0
2017-11-29,738.0,738.0,738.0,738.0,10,738.0
2017-11-30,738.0,738.0,738.0,738.0,0,738.0
2017-12-01,738.0,738.0,738.0,738.0,0,738.0
2017-12-04,738.0,738.0,738.0,738.0,0,738.0
2017-12-05,684.0,681.0,684.0,681.0,20,681.0
2017-12-06,684.0,684.0,684.0,684.0,10,684.0
2017-12-07,684.0,684.0,684.0,684.0,0,684.0
2017-12-08,684.0,684.0,684.0,684.0,0,684.0
2017-12-11,684.0,684.0,684.0,684.0,0,684.0
2017-12-12,684.0,684.0,684.0,684.0,0,684.0
2017-12-13,684.0,684.0,684.0,684.0,0,684.0
2017-12-14,684.0,684.0,684.0,684.0,0,684.0
2017-12-15,680.0,680.0,680.0,680.0,400,680.0
2017-12-18,680.0,680.0,680.0,680.0,0,680.0
2017-12-19,725.0,725.0,725.0,725.0,10,725.0
2017-12-20,725.0,710.0,725.0,710.0,150,710.0
2017-12-21,719.0,705.0,705.0,719.0,20,719.0
2017-12-22,719.0,719.0,719.0,719.0,0,719.0
2017-12-25,702.0,702.0,702.0,702.0,140,702.0
2017-12-26,702.0,702.0,702.0,702.0,0,702.0
2017-12-27,702.0,702.0,702.0,702.0,0,702.0
2017-12-28,705.0,704.0,704.0,705.0,20,705.0
2017-12-29,705.0,705.0,705.0,705.0,0,705.0
2018-01-01,705.0,705.0,705.0,705.0,0,705.0
2018-01-02,705.0,705.0,705.0,705.0,0,705.0
2018-01-03,705.0,705.0,705.0,705.0,0,705.0
2018-01-04,705.0,705.0,705.0,705.0,0,705.0
2018-01-05,705.0,705.0,705.0,705.0,0,705.0
2018-01-08,705.0,705.0,705.0,705.0,0,705.0
2018-01-09,761.0,750.0,761.0,750.0,1800,750.0
2018-01-10,740.0,740.0,740.0,740.0,10,740.0
2018-01-11,740.0,740.0,740.0,740.0,0,740.0
2018-01-12,760.0,734.0,760.0,734.0,20,734.0
2018-01-15,734.0,734.0,734.0,734.0,0,734.0
2018-01-16,750.0,749.0,749.0,750.0,170,750.0
2018-01-17,770.0,750.0,750.0,765.0,140,765.0
2018-01-18,765.0,765.0,765.0,765.0,0,765.0
2018-01-19,765.0,765.0,765.0,765.0,0,765.0
2018-01-22,731.0,731.0,731.0,731.0,10,731.0
2018-01-23,731.0,731.0,731.0,731.0,0,731.0
2018-01-24,731.0,731.0,731.0,731.0,0,731.0
2018-01-25,731.0,731.0,731.0,731.0,0,731.0
2018-01-26,731.0,731.0,731.0,731.0,0,731.0
2018-01-29,740.0,731.0,731.0,740.0,20,740.0
2018-01-30,740.0,740.0,740.0,740.0,0,740.0
2018-01-31,778.0,734.0,734.0,778.0,20,778.0
2018-02-01,808.0,739.0,739.0,808.0,30,808.0
2018-02-02,808.0,808.0,808.0,808.0,0,808.0
2018-02-05,808.0,808.0,808.0,808.0,0,808.0
2018-02-06,740.0,686.0,686.0,740.0,310,740.0
2018-02-07,720.0,695.0,695.0,720.0,320,720.0
2018-02-08,762.0,620.0,762.0,665.0,1260,665.0
2018-02-09,679.0,679.0,679.0,679.0,10,679.0
2018-02-12,679.0,679.0,679.0,679.0,0,679.0
2018-02-13,679.0,679.0,679.0,679.0,0,679.0
2018-02-14,679.0,679.0,679.0,679.0,0,679.0
2018-02-15,709.0,709.0,709.0,709.0,10,709.0
2018-02-16,709.0,709.0,709.0,709.0,0,709.0
2018-02-19,709.0,709.0,709.0,709.0,0,709.0
2018-02-20,678.0,678.0,678.0,678.0,30,678.0
2018-02-21,763.0,759.0,763.0,759.0,110,759.0
2018-02-22,763.0,729.0,729.0,763.0,20,763.0
2018-02-23,763.0,763.0,763.0,763.0,0,763.0
2018-02-26,763.0,763.0,763.0,763.0,0,763.0
2018-02-27,793.0,685.0,685.0,704.0,920,704.0
2018-02-28,770.0,750.0,750.0,770.0,310,770.0
2018-03-01,770.0,770.0,770.0,770.0,0,770.0
2018-03-02,771.0,770.0,770.0,770.0,350,770.0
2018-03-05,770.0,770.0,770.0,770.0,0,770.0
2018-03-06,759.0,725.0,725.0,759.0,140,759.0
2018-03-07,719.0,704.0,704.0,707.0,170,707.0
2018-03-08,707.0,707.0,707.0,707.0,0,707.0
2018-03-09,707.0,707.0,707.0,707.0,0,707.0
2018-03-12,707.0,707.0,707.0,707.0,0,707.0
2018-03-13,707.0,707.0,707.0,707.0,0,707.0
2018-03-14,707.0,707.0,707.0,707.0,0,707.0
2018-03-15,720.0,720.0,720.0,720.0,100,720.0
2018-03-16,720.0,720.0,720.0,720.0,0,720.0
2018-03-19,720.0,720.0,720.0,720.0,0,720.0
2018-03-20,720.0,720.0,720.0,720.0,0,720.0
2018-03-21,720.0,720.0,720.0,720.0,0,720.0
2018-03-22,720.0,720.0,720.0,720.0,0,720.0
2018-03-23,720.0,720.0,720.0,720.0,0,720.0
2018-03-26,720.0,720.0,720.0,720.0,0,720.0
2018-03-27,720.0,720.0,720.0,720.0,0,720.0
2018-03-28,720.0,720.0,720.0,720.0,0,720.0
2018-03-29,720.0,720.0,720.0,720.0,0,720.0
2018-03-30,720.0,720.0,720.0,720.0,0,720.0
2018-04-02,720.0,720.0,720.0,720.0,0,720.0
2018-04-03,705.0,705.0,705.0,705.0,100,705.0
2018-04-04,705.0,705.0,705.0,705.0,0,705.0
2018-04-05,705.0,705.0,705.0,705.0,0,705.0
2018-04-06,705.0,705.0,705.0,705.0,0,705.0
2018-04-09,705.0,705.0,705.0,705.0,0,705.0
2018-04-10,705.0,705.0,705.0,705.0,0,705.0
2018-04-11,705.0,705.0,705.0,705.0,0,705.0
2018-04-12,705.0,705.0,705.0,705.0,0,705.0
2018-04-13,705.0,705.0,705.0,705.0,0,705.0
2018-04-16,705.0,705.0,705.0,705.0,0,705.0
2018-04-17,705.0,705.0,705.0,705.0,0,705.0
2018-04-18,705.0,705.0,705.0,705.0,0,705.0
2018-04-19,710.0,695.0,710.0,695.0,100,695.0
2018-04-20,695.0,695.0,695.0,695.0,0,695.0
2018-04-23,737.0,685.0,737.0,720.0,230,720.0
2018-04-24,720.0,720.0,720.0,720.0,0,720.0
2018-04-25,720.0,720.0,720.0,720.0,0,720.0
2018-04-26,784.0,720.0,760.0,784.0,560,784.0
2018-04-27,731.0,715.0,715.0,731.0,380,731.0
2018-04-30,731.0,731.0,731.0,731.0,0,731.0
2018-05-01,731.0,731.0,731.0,731.0,0,731.0
2018-05-02,731.0,731.0,731.0,731.0,0,731.0
2018-05-03,731.0,731.0,731.0,731.0,0,731.0
2018-05-04,731.0,731.0,731.0,731.0,0,731.0
2018-05-07,731.0,731.0,731.0,731.0,0,731.0
2018-05-08,755.0,727.0,727.0,747.0,130,747.0
2018-05-09,747.0,747.0,747.0,747.0,0,747.0
2018-05-10,747.0,747.0,747.0,747.0,0,747.0
2018-05-11,747.0,747.0,747.0,747.0,0,747.0
2018-05-14,705.0,701.0,701.0,705.0,20,705.0
2018-05-15,705.0,705.0,705.0,705.0,0,705.0
2018-05-16,705.0,705.0,705.0,705.0,0,705.0
2018-05-17,705.0,705.0,705.0,705.0,0,705.0
2018-05-18,705.0,705.0,705.0,705.0,0,705.0
2018-05-21,705.0,705.0,705.0,705.0,0,705.0
2018-05-22,705.0,705.0,705.0,705.0,0,705.0
2018-05-23,705.0,705.0,705.0,705.0,0,705.0
2018-05-24,705.0,705.0,705.0,705.0,0,705.0
2018-05-25,705.0,705.0,705.0,705.0,0,705.0
2018-05-28,705.0,705.0,705.0,705.0,0,705.0
2018-05-29,710.0,710.0,710.0,710.0,20,710.0
2018-05-30,710.0,710.0,710.0,710.0,0,710.0
2018-05-31,710.0,710.0,710.0,710.0,0,710.0
2018-06-01,710.0,710.0,710.0,710.0,0,710.0
2018-06-04,710.0,710.0,710.0,710.0,0,710.0
2018-06-05,710.0,710.0,710.0,710.0,0,710.0
2018-06-06,710.0,710.0,710.0,710.0,0,710.0
2018-06-07,710.0,710.0,710.0,710.0,0,710.0
2018-06-08,710.0,710.0,710.0,710.0,0,710.0
2018-06-11,710.0,710.0,710.0,710.0,0,710.0
2018-06-12,710.0,710.0,710.0,710.0,0,710.0
2018-06-13,710.0,710.0,710.0,710.0,0,710.0
2018-06-14,701.0,701.0,701.0,701.0,130,701.0
2018-06-15,701.0,701.0,701.0,701.0,0,701.0
2018-06-18,701.0,701.0,701.0,701.0,0,701.0
2018-06-19,693.0,689.0,693.0,689.0,30,689.0
2018-06-20,694.0,692.0,692.0,692.0,60,692.0
2018-06-21,710.0,710.0,710.0,710.0,2200,710.0
2018-06-22,710.0,710.0,710.0,710.0,0,710.0
2018-06-25,710.0,710.0,710.0,710.0,0,710.0
2018-06-26,710.0,710.0,710.0,710.0,0,710.0
2018-06-27,710.0,710.0,710.0,710.0,0,710.0
2018-06-28,710.0,710.0,710.0,710.0,0,710.0
2018-06-29,689.0,670.0,689.0,678.0,2040,678.0
2018-07-02,678.0,678.0,678.0,678.0,0,678.0
2018-07-03,667.0,660.0,667.0,660.0,2080,660.0
2018-07-04,690.0,690.0,690.0,690.0,20,690.0
2018-07-05,680.0,660.0,670.0,660.0,140,660.0
2018-07-06,666.0,666.0,666.0,666.0,230,666.0
2018-07-09,682.0,682.0,682.0,682.0,10,682.0
2018-07-10,682.0,682.0,682.0,682.0,0,682.0
2018-07-11,682.0,682.0,682.0,682.0,0,682.0
2018-07-12,682.0,682.0,682.0,682.0,0,682.0
2018-07-13,682.0,682.0,682.0,682.0,0,682.0
2018-07-16,682.0,682.0,682.0,682.0,0,682.0
2018-07-17,715.0,685.0,715.0,685.0,120,685.0
2018-07-18,685.0,685.0,685.0,685.0,0,685.0
2018-07-19,685.0,685.0,685.0,685.0,0,685.0
2018-07-20,685.0,685.0,685.0,685.0,0,685.0
2018-07-23,685.0,685.0,685.0,685.0,0,685.0
2018-07-24,685.0,685.0,685.0,685.0,0,685.0
2018-07-25,685.0,685.0,685.0,685.0,0,685.0
2018-07-26,675.0,675.0,675.0,675.0,10,675.0
2018-07-27,675.0,675.0,675.0,675.0,0,675.0
2018-07-30,682.0,682.0,682.0,682.0,50,682.0
2018-07-31,682.0,682.0,682.0,682.0,0,682.0
2018-08-01,682.0,682.0,682.0,682.0,0,682.0
2018-08-02,682.0,682.0,682.0,682.0,0,682.0
2018-08-03,682.0,682.0,682.0,682.0,0,682.0
2018-08-06,682.0,682.0,682.0,682.0,0,682.0
2018-08-07,682.0,682.0,682.0,682.0,0,682.0
2018-08-08,682.0,682.0,682.0,682.0,0,682.0
2018-08-09,691.0,691.0,691.0,691.0,140,691.0
2018-08-10,691.0,691.0,691.0,691.0,0,691.0
2018-08-13,691.0,691.0,691.0,691.0,0,691.0
2018-08-14,691.0,691.0,691.0,691.0,0,691.0
2018-08-15,691.0,691.0,691.0,691.0,0,691.0
2018-08-16,691.0,691.0,691.0,691.0,0,691.0
2018-08-17,717.0,661.0,717.0,661.0,20,661.0
2018-08-20,661.0,661.0,661.0,661.0,0,661.0
2018-08-21,661.0,661.0,661.0,661.0,0,661.0
2018-08-22,673.0,673.0,673.0,673.0,200,673.0
2018-08-23,673.0,673.0,673.0,673.0,0,673.0
2018-08-24,673.0,673.0,673.0,673.0,0,673.0
2018-08-27,673.0,673.0,673.0,673.0,0,673.0
2018-08-28,673.0,673.0,673.0,673.0,0,673.0
2018-08-29,673.0,673.0,673.0,673.0,0,673.0
2018-08-30,673.0,673.0,673.0,673.0,0,673.0
2018-08-31,673.0,673.0,673.0,673.0,0,673.0
2018-09-03,673.0,673.0,673.0,673.0,0,673.0
2018-09-04,673.0,673.0,673.0,673.0,0,673.0
2018-09-05,673.0,673.0,673.0,673.0,0,673.0
2018-09-06,673.0,673.0,673.0,673.0,0,673.0
2018-09-07,673.0,673.0,673.0,673.0,0,673.0
2018-09-10,673.0,673.0,673.0,673.0,0,673.0
2018-09-11,673.0,673.0,673.0,673.0,0,673.0
2018-09-12,673.0,673.0,673.0,673.0,0,673.0
2018-09-13,673.0,673.0,673.0,673.0,0,673.0
2018-09-14,673.0,673.0,673.0,673.0,0,673.0
2018-09-17,673.0,673.0,673.0,673.0,0,673.0
2018-09-18,673.0,673.0,673.0,673.0,0,673.0
2018-09-19,673.0,673.0,673.0,673.0,0,673.0
2018-09-20,673.0,673.0,673.0,673.0,0,673.0
2018-09-21,673.0,673.0,673.0,673.0,0,673.0
2018-09-24,673.0,673.0,673.0,673.0,0,673.0
2018-09-25,718.0,718.0,718.0,718.0,120,718.0
2018-09-26,718.0,718.0,718.0,718.0,0,718.0
2018-09-27,718.0,718.0,718.0,718.0,0,718.0
2018-09-28,718.0,718.0,718.0,718.0,0,718.0
2018-10-01,718.0,718.0,718.0,718.0,0,718.0
2018-10-02,755.0,739.0,755.0,739.0,2040,739.0
2018-10-03,739.0,739.0,739.0,739.0,0,739.0
2018-10-04,739.0,739.0,739.0,739.0,0,739.0
2018-10-05,739.0,739.0,739.0,739.0,0,739.0
2018-10-08,739.0,739.0,739.0,739.0,0,739.0
2018-10-09,739.0,739.0,739.0,739.0,0,739.0
2018-10-10,703.0,676.0,703.0,686.0,40,686.0
2018-10-11,686.0,686.0,686.0,686.0,0,686.0
2018-10-12,686.0,686.0,686.0,686.0,0,686.0
2018-10-15,686.0,686.0,686.0,686.0,0,686.0
2018-10-16,754.0,654.0,754.0,670.0,1070,670.0
2018-10-17,685.0,663.0,685.0,683.0,40,683.0
2018-10-18,683.0,678.0,678.0,683.0,300,683.0
2018-10-19,683.0,683.0,683.0,683.0,0,683.0
2018-10-22,683.0,683.0,683.0,683.0,0,683.0
2018-10-23,683.0,683.0,683.0,683.0,0,683.0
2018-10-24,683.0,683.0,683.0,683.0,0,683.0
2018-10-25,685.0,685.0,685.0,685.0,40,685.0
2018-10-26,620.0,620.0,620.0,620.0,20,620.0
2018-10-29,630.0,620.0,630.0,620.0,500,620.0
2018-10-30,620.0,620.0,620.0,620.0,0,620.0
2018-10-31,620.0,620.0,620.0,620.0,0,620.0
2018-11-01,620.0,620.0,620.0,620.0,0,620.0
2018-11-02,620.0,620.0,620.0,620.0,0,620.0
2018-11-05,620.0,620.0,620.0,620.0,0,620.0
2018-11-06,620.0,620.0,620.0,620.0,0,620.0
2018-11-07,620.0,620.0,620.0,620.0,0,620.0
2018-11-08,620.0,620.0,620.0,620.0,0,620.0
2018-11-09,739.0,657.0,664.0,699.0,680,699.0
2018-11-12,699.0,699.0,699.0,699.0,0,699.0
2018-11-13,638.0,633.0,633.0,638.0,30,638.0
2018-11-14,657.0,627.0,657.0,630.0,80,630.0
2018-11-15,630.0,630.0,630.0,630.0,0,630.0
2018-11-16,630.0,630.0,630.0,630.0,0,630.0
2018-11-19,630.0,630.0,630.0,630.0,0,630.0
2018-11-20,630.0,630.0,630.0,630.0,0,630.0
2018-11-21,630.0,630.0,630.0,630.0,0,630.0
2018-11-22,625.0,625.0,625.0,625.0,520,625.0
2018-11-23,625.0,625.0,625.0,625.0,0,625.0
2018-11-26,625.0,625.0,625.0,625.0,0,625.0
2018-11-27,640.0,640.0,640.0,640.0,10,640.0
2018-11-28,650.0,645.0,645.0,650.0,160,650.0
2018-11-29,650.0,650.0,650.0,650.0,0,650.0
2018-11-30,660.0,642.0,660.0,642.0,560,642.0
2018-12-03,642.0,642.0,642.0,642.0,0,642.0
2018-12-04,601.0,601.0,601.0,601.0,20,601.0
2018-12-05,601.0,601.0,601.0,601.0,0,601.0
2018-12-06,601.0,601.0,601.0,601.0,0,601.0
2018-12-07,601.0,601.0,601.0,601.0,0,601.0
2018-12-10,626.0,626.0,626.0,626.0,500,626.0
2018-12-11,625.0,625.0,625.0,625.0,10,625.0
2018-12-12,636.0,636.0,636.0,636.0,10,636.0
2018-12-13,635.0,625.0,632.0,635.0,530,635.0
2018-12-14,635.0,635.0,635.0,635.0,0,635.0
2018-12-17,615.0,615.0,615.0,615.0,1000,615.0
2018-12-18,615.0,615.0,615.0,615.0,0,615.0
2018-12-19,615.0,615.0,615.0,615.0,0,615.0
2018-12-20,613.0,607.0,613.0,607.0,600,607.0
2018-12-21,607.0,607.0,607.0,607.0,0,607.0
2018-12-24,607.0,607.0,607.0,607.0,0,607.0
2018-12-25,607.0,607.0,607.0,607.0,0,607.0
2018-12-26,607.0,607.0,607.0,607.0,0,607.0
2018-12-27,591.0,591.0,591.0,591.0,10,591.0
2018-12-28,591.0,591.0,591.0,591.0,0,591.0
2018-12-31,591.0,591.0,591.0,591.0,0,591.0
2019-01-04,591.0,591.0,591.0,591.0,0,591.0
2019-01-07,610.0,601.0,602.0,610.0,640,610.0
2019-01-08,610.0,607.0,610.0,607.0,40,607.0
2019-01-09,618.0,607.0,607.0,618.0,110,618.0
2019-01-10,618.0,618.0,618.0,618.0,0,618.0
2019-01-11,618.0,618.0,618.0,618.0,0,618.0
2019-01-15,619.0,619.0,619.0,619.0,10,619.0
2019-01-16,619.0,619.0,619.0,619.0,0,619.0
2019-01-17,619.0,619.0,619.0,619.0,0,619.0
2019-01-18,619.0,619.0,619.0,619.0,0,619.0
2019-01-21,625.0,610.0,610.0,625.0,110,625.0
2019-01-22,625.0,625.0,625.0,625.0,0,625.0
2019-01-23,644.0,625.0,625.0,644.0,470,644.0
2019-01-24,645.0,643.0,645.0,643.0,190,643.0
2019-01-25,643.0,643.0,643.0,643.0,0,643.0
2019-01-28,643.0,643.0,643.0,643.0,0,643.0
2019-01-29,643.0,643.0,643.0,643.0,0,643.0
2019-01-30,643.0,643.0,643.0,643.0,0,643.0
2019-01-31,643.0,643.0,643.0,643.0,0,643.0
2019-02-01,643.0,643.0,643.0,643.0,0,643.0
2019-02-04,643.0,643.0,643.0,643.0,0,643.0
2019-02-05,643.0,643.0,643.0,643.0,0,643.0
2019-02-06,643.0,643.0,643.0,643.0,0,643.0
2019-02-07,660.0,660.0,660.0,660.0,620,660.0
2019-02-08,660.0,660.0,660.0,660.0,0,660.0
2019-02-12,669.0,669.0,669.0,669.0,10,669.0
2019-02-13,669.0,669.0,669.0,669.0,0,669.0
2019-02-14,685.0,674.0,674.0,685.0,400,685.0
2019-02-15,685.0,685.0,685.0,685.0,0,685.0
2019-02-18,685.0,685.0,685.0,685.0,0,685.0
2019-02-19,685.0,685.0,685.0,685.0,0,685.0
2019-02-20,685.0,685.0,685.0,685.0,0,685.0
2019-02-21,681.0,681.0,681.0,681.0,60,681.0
2019-02-22,681.0,681.0,681.0,681.0,0,681.0
2019-02-25,681.0,681.0,681.0,681.0,0,681.0
2019-02-26,750.0,685.0,685.0,750.0,970,750.0
2019-02-27,735.0,710.0,735.0,710.0,320,710.0
2019-02-28,710.0,710.0,710.0,710.0,0,710.0
2019-03-01,710.0,710.0,710.0,710.0,0,710.0
2019-03-04,675.0,675.0,675.0,675.0,310,675.0
2019-03-05,671.0,670.0,671.0,670.0,410,670.0
2019-03-06,670.0,670.0,670.0,670.0,0,670.0
2019-03-07,662.0,662.0,662.0,662.0,100,662.0
2019-03-08,662.0,662.0,662.0,662.0,0,662.0
2019-03-11,662.0,662.0,662.0,662.0,0,662.0
2019-03-12,662.0,662.0,662.0,662.0,0,662.0
2019-03-13,662.0,662.0,662.0,662.0,0,662.0
2019-03-14,640.0,640.0,640.0,640.0,20,640.0
2019-03-15,640.0,640.0,640.0,640.0,0,640.0
2019-03-18,660.0,660.0,660.0,660.0,10,660.0
2019-03-19,660.0,660.0,660.0,660.0,0,660.0
2019-03-20,660.0,660.0,660.0,660.0,0,660.0
2019-03-22,660.0,650.0,660.0,650.0,110,650.0
2019-03-25,650.0,650.0,650.0,650.0,0,650.0
2019-03-26,652.0,651.0,652.0,651.0,80,651.0
2019-03-27,652.0,651.0,652.0,651.0,80,651.0
2019-03-28,651.0,651.0,651.0,651.0,0,651.0
2019-03-29,651.0,651.0,651.0,651.0,0,651.0
2019-04-01,651.0,651.0,651.0,651.0,0,651.0
2019-04-02,650.0,621.0,621.0,650.0,170,650.0
2019-04-03,650.0,650.0,650.0,650.0,0,650.0
2019-04-04,650.0,650.0,650.0,650.0,0,650.0
2019-04-05,650.0,650.0,650.0,650.0,0,650.0
2019-04-08,662.0,662.0,662.0,662.0,600,662.0
2019-04-09,706.0,661.0,706.0,661.0,140,661.0
2019-04-10,667.0,667.0,667.0,667.0,30,667.0
2019-04-11,667.0,667.0,667.0,667.0,30,667.0
2019-04-12,677.0,671.0,671.0,677.0,320,677.0
2019-04-15,677.0,674.0,677.0,674.0,480,674.0
2019-04-16,668.0,668.0,668.0,668.0,90,668.0
2019-04-17,668.0,668.0,668.0,668.0,0,668.0
2019-04-18,688.0,680.0,688.0,680.0,550,680.0
2019-04-19,671.0,671.0,671.0,671.0,60,671.0
2019-04-22,671.0,671.0,671.0,671.0,0,671.0
2019-04-23,662.0,654.0,662.0,654.0,20,654.0
2019-04-24,667.0,657.0,666.0,657.0,660,657.0
2019-04-25,657.0,657.0,657.0,657.0,0,657.0
2019-04-26,651.0,651.0,651.0,651.0,20,651.0
2019-05-07,641.0,622.0,641.0,622.0,460,622.0
2019-05-08,620.0,620.0,620.0,620.0,80,620.0
2019-05-09,605.0,597.0,605.0,597.0,110,597.0
2019-05-10,598.0,597.0,597.0,598.0,90,598.0
2019-05-13,600.0,577.0,600.0,577.0,160,577.0
2019-05-14,577.0,577.0,577.0,577.0,50,577.0
2019-05-15,577.0,577.0,577.0,577.0,0,577.0
2019-05-16,572.0,572.0,572.0,572.0,500,572.0
2019-05-17,572.0,572.0,572.0,572.0,90,572.0
2019-05-20,572.0,572.0,572.0,572.0,50,572.0
2019-05-21,573.0,573.0,573.0,573.0,30,573.0
2019-05-22,573.0,573.0,573.0,573.0,0,573.0
2019-05-23,580.0,580.0,580.0,580.0,10,580.0
2019-05-24,579.0,571.0,579.0,571.0,110,571.0
2019-05-27,574.0,572.0,574.0,572.0,610,572.0
2019-05-28,572.0,572.0,572.0,572.0,0,572.0
2019-05-29,565.0,564.0,565.0,564.0,610,564.0
2019-05-30,564.0,564.0,564.0,564.0,0,564.0
2019-05-31,565.0,541.0,541.0,565.0,70,565.0
2019-06-03,635.0,589.0,635.0,589.0,200,589.0
2019-06-04,588.0,588.0,588.0,588.0,30,588.0
2019-06-05,579.0,562.0,563.0,579.0,150,579.0
2019-06-06,579.0,579.0,579.0,579.0,50,579.0
2019-06-07,579.0,579.0,579.0,579.0,0,579.0
2019-06-10,629.0,600.0,600.0,600.0,70,600.0
2019-06-11,600.0,600.0,600.0,600.0,50,600.0
2019-06-12,600.0,600.0,600.0,600.0,500,600.0
2019-06-13,584.0,580.0,584.0,580.0,510,580.0
2019-06-14,600.0,600.0,600.0,600.0,100,600.0
2019-06-17,600.0,586.0,600.0,586.0,840,586.0
2019-06-18,586.0,586.0,586.0,586.0,0,586.0
2019-06-19,586.0,586.0,586.0,586.0,0,586.0
2019-06-20,586.0,586.0,586.0,586.0,0,586.0
2019-06-21,598.0,595.0,598.0,595.0,1060,595.0
2019-06-24,598.0,598.0,598.0,598.0,200,598.0
2019-06-25,605.0,590.0,605.0,600.0,950,600.0
2019-06-26,596.0,596.0,596.0,596.0,30,596.0
2019-06-27,611.0,611.0,611.0,611.0,220,611.0
2019-06-28,629.0,629.0,629.0,629.0,40,629.0
2019-07-01,615.0,614.0,615.0,614.0,50,614.0
2019-07-02,614.0,614.0,614.0,614.0,0,614.0
2019-07-03,600.0,600.0,600.0,600.0,530,600.0
2019-07-04,593.0,593.0,593.0,593.0,10,593.0
2019-07-05,593.0,593.0,593.0,593.0,0,593.0
2019-07-08,594.0,593.0,594.0,593.0,730,593.0
2019-07-09,593.0,593.0,593.0,593.0,0,593.0
2019-07-10,593.0,593.0,593.0,593.0,0,593.0
2019-07-11,585.0,583.0,583.0,585.0,640,585.0
2019-07-12,591.0,590.0,590.0,590.0,700,590.0
2019-07-16,580.0,570.0,570.0,580.0,220,580.0
2019-07-17,580.0,580.0,580.0,580.0,0,580.0
2019-07-18,580.0,580.0,580.0,580.0,0,580.0
2019-07-19,580.0,580.0,580.0,580.0,0,580.0
2019-07-22,590.0,590.0,590.0,590.0,10,590.0
2019-07-23,590.0,590.0,590.0,590.0,0,590.0
2019-07-24,584.0,584.0,584.0,584.0,10,584.0
2019-07-25,587.0,584.0,584.0,587.0,60,587.0
2019-07-26,587.0,587.0,587.0,587.0,0,587.0
2019-07-29,587.0,587.0,587.0,587.0,0,587.0
2019-07-30,587.0,587.0,587.0,587.0,0,587.0
2019-07-31,587.0,587.0,587.0,587.0,0,587.0
2019-08-01,587.0,587.0,587.0,587.0,0,587.0
2019-08-02,563.0,561.0,563.0,561.0,770,561.0
2019-08-05,563.0,535.0,563.0,535.0,1340,535.0
2019-08-06,607.0,525.0,607.0,525.0,150,525.0
2019-08-07,530.0,520.0,525.0,530.0,200,530.0
2019-08-08,530.0,530.0,530.0,530.0,0,530.0
2019-08-09,530.0,530.0,530.0,530.0,0,530.0
2019-08-13,530.0,530.0,530.0,530.0,100,530.0
2019-08-14,530.0,530.0,530.0,530.0,0,530.0
2019-08-15,530.0,530.0,530.0,530.0,0,530.0
2019-08-16,530.0,530.0,530.0,530.0,0,530.0
2019-08-19,530.0,530.0,530.0,530.0,10,530.0
2019-08-20,530.0,530.0,530.0,530.0,0,530.0
2019-08-21,530.0,530.0,530.0,530.0,0,530.0
2019-08-22,530.0,530.0,530.0,530.0,0,530.0
2019-08-23,523.0,523.0,523.0,523.0,10,523.0
2019-08-26,525.0,515.0,515.0,525.0,200,525.0
2019-08-27,525.0,525.0,525.0,525.0,20,525.0
2019-08-28,520.0,520.0,520.0,520.0,10,520.0
2019-08-29,557.0,557.0,557.0,557.0,10,557.0
2019-08-30,550.0,530.0,550.0,530.0,80,530.0
2019-09-02,560.0,530.0,560.0,540.0,200,540.0
2019-09-03,540.0,530.0,540.0,530.0,20,530.0
2019-09-04,530.0,530.0,530.0,530.0,0,530.0
2019-09-05,543.0,543.0,543.0,543.0,10,543.0
2019-09-06,543.0,543.0,543.0,543.0,0,543.0
2019-09-09,543.0,543.0,543.0,543.0,0,543.0
2019-09-10,543.0,543.0,543.0,543.0,0,543.0
2019-09-11,543.0,543.0,543.0,543.0,0,543.0
2019-09-12,543.0,543.0,543.0,543.0,0,543.0
2019-09-13,543.0,543.0,543.0,543.0,0,543.0
2019-09-17,543.0,543.0,543.0,543.0,0,543.0
2019-09-18,570.0,549.0,549.0,570.0,310,570.0
2019-09-19,577.0,575.0,575.0,577.0,210,577.0
2019-09-20,573.0,573.0,573.0,573.0,400,573.0
2019-09-24,568.0,568.0,568.0,568.0,10,568.0
2019-09-25,568.0,568.0,568.0,568.0,0,568.0
2019-09-26,568.0,568.0,568.0,568.0,0,568.0
2019-09-27,568.0,568.0,568.0,568.0,0,568.0
2019-09-30,565.0,565.0,565.0,565.0,10,565.0
2019-10-01,575.0,565.0,575.0,565.0,300,565.0
2019-10-02,590.0,570.0,589.0,579.0,820,579.0
2019-10-03,557.0,527.0,555.0,557.0,1040,557.0
2019-10-04,577.0,577.0,577.0,577.0,100,577.0
2019-10-07,577.0,577.0,577.0,577.0,0,577.0
2019-10-08,577.0,577.0,577.0,577.0,0,577.0
2019-10-09,577.0,577.0,577.0,577.0,0,577.0
2019-10-10,561.0,555.0,561.0,555.0,1510,555.0
2019-10-11,603.0,571.0,596.0,571.0,1620,571.0
2019-10-15,571.0,571.0,571.0,571.0,0,571.0
2019-10-16,571.0,571.0,571.0,571.0,0,571.0
2019-10-17,669.0,620.0,669.0,626.0,3650,626.0
2019-10-18,626.0,586.0,626.0,586.0,20,586.0
2019-10-21,646.0,644.0,646.0,644.0,200,644.0
2019-10-23,649.0,568.0,649.0,610.0,600,610.0
2019-10-24,619.0,619.0,619.0,619.0,30,619.0
2019-10-25,619.0,619.0,619.0,619.0,0,619.0
2019-10-28,639.0,603.0,629.0,603.0,230,603.0
2019-10-29,603.0,603.0,603.0,603.0,0,603.0
2019-10-30,627.0,619.0,627.0,620.0,110,620.0
2019-10-31,650.0,640.0,640.0,650.0,60,650.0
2019-11-01,650.0,620.0,640.0,620.0,110,620.0
2019-11-05,650.0,638.0,640.0,638.0,150,638.0
2019-11-06,638.0,638.0,638.0,638.0,0,638.0
2019-11-07,638.0,638.0,638.0,638.0,0,638.0
2019-11-08,638.0,638.0,638.0,638.0,0,638.0
2019-11-11,638.0,638.0,638.0,638.0,0,638.0
2019-11-12,635.0,625.0,625.0,635.0,120,635.0
2019-11-13,625.0,622.0,625.0,622.0,1710,622.0
2019-11-14,623.0,621.0,623.0,622.0,130,622.0
2019-11-15,623.0,621.0,623.0,622.0,130,622.0
2019-11-18,613.0,613.0,613.0,613.0,10,613.0
2019-11-19,613.0,613.0,613.0,613.0,10,613.0
2019-11-20,620.0,600.0,600.0,619.0,180,619.0
2019-11-21,620.0,600.0,600.0,619.0,180,619.0
2019-11-22,619.0,619.0,619.0,619.0,0,619.0
2019-11-25,619.0,619.0,619.0,619.0,0,619.0
2019-11-26,619.0,619.0,619.0,619.0,0,619.0
2019-11-27,619.0,619.0,619.0,619.0,0,619.0
2019-11-28,645.0,605.0,645.0,605.0,680,605.0
2019-11-29,612.0,609.0,612.0,609.0,320,609.0
2019-12-02,609.0,609.0,609.0,609.0,0,609.0
2019-12-03,610.0,610.0,610.0,610.0,10,610.0
2019-12-04,610.0,610.0,610.0,610.0,0,610.0
2019-12-05,592.0,592.0,592.0,592.0,10,592.0
2019-12-06,592.0,592.0,592.0,592.0,10,592.0
2019-12-09,592.0,592.0,592.0,592.0,0,592.0
2019-12-10,596.0,594.0,594.0,594.0,310,594.0
2019-12-11,596.0,594.0,594.0,594.0,310,594.0
2019-12-12,612.0,600.0,600.0,612.0,410,612.0
2019-12-13,640.0,612.0,612.0,640.0,1100,640.0
2019-12-16,640.0,630.0,630.0,640.0,190,640.0
2019-12-17,650.0,650.0,650.0,650.0,100,650.0
2019-12-18,640.0,640.0,640.0,640.0,20,640.0
2019-12-19,640.0,640.0,640.0,640.0,20,640.0
2019-12-20,640.0,640.0,640.0,640.0,0,640.0
2019-12-23,650.0,630.0,650.0,630.0,130,630.0
2019-12-24,630.0,630.0,630.0,630.0,0,630.0
2019-12-25,630.0,630.0,630.0,630.0,0,630.0
2019-12-26,660.0,650.0,650.0,660.0,1270,660.0
2019-12-27,660.0,650.0,650.0,660.0,1270,660.0
2019-12-30,660.0,660.0,660.0,660.0,0,660.0
2020-01-06,659.0,650.0,651.0,659.0,1540,659.0
2020-01-07,685.0,635.0,664.0,669.0,630,669.0
2020-01-08,750.0,640.0,640.0,750.0,5410,750.0
2020-01-09,750.0,640.0,640.0,750.0,5410,750.0
2020-01-10,747.0,672.0,747.0,672.0,1770,672.0
2020-01-14,700.0,673.0,673.0,689.0,280,689.0
2020-01-15,689.0,689.0,689.0,689.0,20,689.0
2020-01-16,690.0,689.0,689.0,690.0,190,690.0
2020-01-17,690.0,689.0,689.0,690.0,190,690.0
2020-01-20,705.0,690.0,691.0,705.0,260,705.0
2020-01-21,705.0,690.0,691.0,705.0,260,705.0
2020-01-22,719.0,680.0,719.0,680.0,20,680.0
2020-01-23,681.0,681.0,681.0,681.0,170,681.0
2020-01-24,681.0,681.0,681.0,681.0,170,681.0
2020-01-27,700.0,671.0,700.0,671.0,70,671.0
2020-01-28,673.0,671.0,671.0,673.0,100,673.0
2020-01-29,673.0,671.0,671.0,673.0,100,673.0
2020-01-30,691.0,664.0,691.0,664.0,1400,664.0
2020-01-31,665.0,664.0,665.0,664.0,90,664.0
2020-02-03,667.0,628.0,667.0,640.0,460,640.0
2020-02-04,670.0,669.0,670.0,670.0,350,670.0
2020-02-05,670.0,669.0,670.0,670.0,350,670.0
2020-02-06,695.0,670.0,670.0,695.0,1850,695.0
2020-02-07,700.0,700.0,700.0,700.0,20,700.0
2020-02-10,700.0,700.0,700.0,700.0,0,700.0
2020-02-12,708.0,700.0,700.0,708.0,50,708.0
2020-02-13,720.0,690.0,700.0,700.0,70,700.0
2020-02-14,700.0,700.0,700.0,700.0,0,700.0
2020-02-17,700.0,685.0,685.0,700.0,20,700.0
2020-02-18,700.0,700.0,700.0,700.0,0,700.0
2020-02-19,700.0,700.0,700.0,700.0,0,700.0
2020-02-20,700.0,700.0,700.0,700.0,0,700.0
2020-02-21,700.0,700.0,700.0,700.0,0,700.0
2020-02-25,680.0,640.0,680.0,650.0,580,650.0
2020-02-26,679.0,621.0,640.0,622.0,300,622.0
2020-02-27,621.0,621.0,621.0,621.0,70,621.0
2020-02-28,602.0,601.0,601.0,602.0,280,602.0
2020-03-02,625.0,600.0,600.0,625.0,30,625.0
2020-03-03,625.0,625.0,625.0,625.0,0,625.0
2020-03-04,625.0,625.0,625.0,625.0,0,625.0
2020-03-05,625.0,625.0,625.0,625.0,0,625.0
2020-03-06,620.0,605.0,605.0,620.0,150,620.0
2020-03-09,608.0,563.0,600.0,563.0,420,563.0
2020-03-10,566.0,550.0,551.0,566.0,60,566.0
2020-03-11,566.0,566.0,566.0,566.0,0,566.0
2020-03-12,559.0,543.0,543.0,559.0,210,559.0
2020-03-13,529.0,495.0,500.0,520.0,160,520.0
2020-03-16,520.0,474.0,474.0,520.0,70,520.0
2020-03-17,500.0,500.0,500.0,500.0,200,500.0
2020-03-18,490.0,489.0,489.0,490.0,100,490.0
2020-03-19,442.0,417.0,442.0,425.0,240,425.0
2020-03-23,425.0,425.0,425.0,425.0,10,425.0
2020-03-24,468.0,455.0,455.0,468.0,290,468.0
2020-03-25,548.0,530.0,548.0,530.0,60,530.0
2020-03-26,540.0,482.0,482.0,530.0,610,530.0
2020-03-27,510.0,505.0,510.0,505.0,450,505.0
2020-03-30,520.0,500.0,500.0,520.0,710,520.0
2020-03-31,516.0,516.0,516.0,516.0,200,516.0
2020-04-01,513.0,513.0,513.0,513.0,30,513.0
2020-04-02,501.0,500.0,501.0,500.0,270,500.0
2020-04-03,504.0,504.0,504.0,504.0,10,504.0
2020-04-06,504.0,503.0,504.0,504.0,370,504.0
2020-04-07,504.0,504.0,504.0,504.0,0,504.0
2020-04-08,504.0,504.0,504.0,504.0,0,504.0
2020-04-09,504.0,504.0,504.0,504.0,0,504.0
2020-04-10,521.0,521.0,521.0,521.0,10,521.0
2020-04-13,520.0,520.0,520.0,520.0,50,520.0
2020-04-14,520.0,520.0,520.0,520.0,0,520.0
2020-04-15,520.0,520.0,520.0,520.0,0,520.0
2020-04-16,520.0,520.0,520.0,520.0,0,520.0
2020-04-17,550.0,521.0,521.0,550.0,240,550.0
2020-04-20,590.0,590.0,590.0,590.0,100,590.0
2020-04-21,582.0,554.0,554.0,582.0,210,582.0
2020-04-22,550.0,550.0,550.0,550.0,30,550.0
2020-04-23,550.0,550.0,550.0,550.0,10,550.0
2020-04-24,540.0,539.0,540.0,540.0,410,540.0
2020-04-27,540.0,540.0,540.0,540.0,0,540.0
2020-04-28,540.0,540.0,540.0,540.0,0,540.0
2020-04-30,590.0,561.0,590.0,561.0,60,561.0
2020-05-01,579.0,579.0,579.0,579.0,10,579.0
2020-05-07,560.0,560.0,560.0,560.0,220,560.0
2020-05-08,560.0,560.0,560.0,560.0,0,560.0
2020-05-11,578.0,578.0,578.0,578.0,10,578.0
2020-05-12,578.0,540.0,578.0,540.0,140,540.0
2020-05-13,560.0,560.0,560.0,560.0,20,560.0
2020-05-14,570.0,570.0,570.0,570.0,10,570.0
2020-05-15,550.0,550.0,550.0,550.0,10,550.0
2020-05-18,578.0,578.0,578.0,578.0,10,578.0
2020-05-19,578.0,578.0,578.0,578.0,0,578.0
2020-05-20,578.0,578.0,578.0,578.0,0,578.0
2020-05-21,578.0,578.0,578.0,578.0,10,578.0
2020-05-22,578.0,578.0,578.0,578.0,0,578.0
2020-05-25,558.0,550.0,558.0,550.0,20,550.0
2020-05-26,589.0,560.0,561.0,589.0,140,589.0
2020-05-27,624.0,610.0,624.0,610.0,220,610.0
2020-05-28,650.0,620.0,650.0,620.0,300,620.0
2020-05-29,620.0,620.0,620.0,620.0,0,620.0
2020-06-01,620.0,620.0,620.0,620.0,0,620.0
2020-06-02,620.0,620.0,620.0,620.0,0,620.0
2020-06-03,620.0,620.0,620.0,620.0,0,620.0
2020-06-04,650.0,650.0,650.0,650.0,10,650.0
2020-06-05,650.0,650.0,650.0,650.0,0,650.0
2020-06-08,670.0,670.0,670.0,670.0,160,670.0
2020-06-09,670.0,670.0,670.0,670.0,660,670.0
2020-06-10,670.0,670.0,670.0,670.0,0,670.0
2020-06-11,670.0,670.0,670.0,670.0,0,670.0
2020-06-12,660.0,660.0,660.0,660.0,60,660.0
2020-06-15,631.0,610.0,631.0,630.0,420,630.0
2020-06-16,645.0,635.0,635.0,645.0,50,645.0
2020-06-17,640.0,625.0,625.0,630.0,260,630.0
2020-06-18,660.0,659.0,659.0,660.0,60,660.0
2020-06-19,660.0,660.0,660.0,660.0,0,660.0
2020-06-22,650.0,650.0,650.0,650.0,50,650.0
2020-06-23,650.0,650.0,650.0,650.0,0,650.0
2020-06-24,670.0,640.0,670.0,640.0,20,640.0
2020-06-25,640.0,640.0,640.0,640.0,0,640.0
2020-06-26,640.0,640.0,640.0,640.0,0,640.0
2020-06-29,640.0,622.0,640.0,622.0,120,622.0
2020-06-30,622.0,622.0,622.0,622.0,0,622.0
2020-07-01,622.0,622.0,622.0,622.0,0,622.0
2020-07-02,622.0,622.0,622.0,622.0,0,622.0
2020-07-03,630.0,603.0,603.0,620.0,490,620.0
2020-07-06,631.0,631.0,631.0,631.0,20,631.0
2020-07-07,690.0,630.0,660.0,639.0,520,639.0
2020-07-08,669.0,659.0,669.0,659.0,260,659.0
2020-07-09,659.0,659.0,659.0,659.0,0,659.0
2020-07-10,659.0,659.0,659.0,659.0,0,659.0
2020-07-13,635.0,635.0,635.0,635.0,50,635.0
2020-07-14,635.0,635.0,635.0,635.0,100,635.0
2020-07-15,645.0,645.0,645.0,645.0,10,645.0
2020-07-16,650.0,640.0,650.0,640.0,20,640.0
2020-07-17,640.0,640.0,640.0,640.0,0,640.0
2020-07-20,679.0,679.0,679.0,679.0,10,679.0
2020-07-21,646.0,646.0,646.0,646.0,20,646.0
2020-07-22,646.0,646.0,646.0,646.0,0,646.0
2020-07-27,646.0,646.0,646.0,646.0,0,646.0
2020-07-28,646.0,646.0,646.0,646.0,40,646.0
2020-07-29,646.0,646.0,646.0,646.0,0,646.0
2020-07-30,646.0,646.0,646.0,646.0,20,646.0
2020-07-31,646.0,646.0,646.0,646.0,0,646.0
2020-08-03,646.0,646.0,646.0,646.0,0,646.0
2020-08-04,646.0,646.0,646.0,646.0,0,646.0
2020-08-05,650.0,650.0,650.0,650.0,400,650.0
2020-08-06,689.0,686.0,686.0,689.0,170,689.0
2020-08-07,689.0,688.0,689.0,689.0,210,689.0
2020-08-11,720.0,682.0,689.0,720.0,640,720.0
2020-08-12,720.0,720.0,720.0,720.0,0,720.0
2020-08-13,725.0,696.0,720.0,725.0,1330,725.0
2020-08-14,720.0,720.0,720.0,720.0,300,720.0
2020-08-17,705.0,705.0,705.0,705.0,100,705.0
2020-08-18,700.0,700.0,700.0,700.0,20,700.0
2020-08-19,695.0,695.0,695.0,695.0,10,695.0
2020-08-20,695.0,695.0,695.0,695.0,10,695.0
2020-08-21,695.0,695.0,695.0,695.0,0,695.0
2020-08-24,695.0,695.0,695.0,695.0,0,695.0
2020-08-25,695.0,695.0,695.0,695.0,0,695.0
2020-08-26,695.0,695.0,695.0,695.0,0,695.0
2020-08-27,695.0,695.0,695.0,695.0,0,695.0
2020-08-28,695.0,695.0,695.0,695.0,0,695.0
2020-08-31,695.0,695.0,695.0,695.0,0,695.0
2020-09-01,695.0,695.0,695.0,695.0,0,695.0
2020-09-02,695.0,695.0,695.0,695.0,0,695.0
2020-09-03,695.0,695.0,695.0,695.0,0,695.0
2020-09-04,665.0,665.0,665.0,665.0,10,665.0
2020-09-07,720.0,645.0,720.0,671.0,1140,671.0
2020-09-08,671.0,671.0,671.0,671.0,0,671.0
2020-09-09,671.0,671.0,671.0,671.0,0,671.0
2020-09-10,700.0,700.0,700.0,700.0,10,700.0
2020-09-11,709.0,700.0,700.0,709.0,20,709.0
2020-09-14,710.0,700.0,710.0,700.0,20,700.0
2020-09-15,700.0,700.0,700.0,700.0,0,700.0
2020-09-16,700.0,700.0,700.0,700.0,0,700.0
2020-09-17,700.0,700.0,700.0,700.0,0,700.0
2020-09-18,700.0,700.0,700.0,700.0,0,700.0
2020-09-23,700.0,700.0,700.0,700.0,0,700.0
2020-09-24,700.0,700.0,700.0,700.0,0,700.0
2020-09-25,680.0,680.0,680.0,680.0,20,680.0
2020-09-28,680.0,680.0,680.0,680.0,0,680.0
2020-09-29,680.0,680.0,680.0,680.0,0,680.0
2020-09-30,680.0,680.0,680.0,680.0,0,680.0
2020-10-02,680.0,680.0,680.0,680.0,0,680.0
2020-10-05,680.0,680.0,680.0,680.0,0,680.0
2020-10-06,680.0,680.0,680.0,680.0,0,680.0
2020-10-07,680.0,680.0,680.0,680.0,0,680.0
2020-10-08,709.0,694.0,700.0,702.0,60,702.0
2020-10-09,702.0,702.0,702.0,702.0,0,702.0
2020-10-12,702.0,702.0,702.0,702.0,0,702.0
2020-10-13,700.0,700.0,700.0,700.0,10,700.0
2020-10-14,700.0,700.0,700.0,700.0,0,700.0
2020-10-15,700.0,700.0,700.0,700.0,0,700.0
2020-10-16,700.0,700.0,700.0,700.0,0,700.0
2020-10-19,700.0,700.0,700.0,700.0,0,700.0
2020-10-20,700.0,700.0,700.0,700.0,0,700.0
2020-10-21,700.0,700.0,700.0,700.0,0,700.0
2020-10-22,700.0,700.0,700.0,700.0,0,700.0
2020-10-23,700.0,700.0,700.0,700.0,0,700.0
2020-10-26,710.0,700.0,700.0,710.0,90,710.0
2020-10-27,710.0,710.0,710.0,710.0,0,710.0
2020-10-28,710.0,710.0,710.0,710.0,0,710.0
2020-10-29,710.0,710.0,710.0,710.0,0,710.0
2020-10-30,690.0,690.0,690.0,690.0,100,690.0
2020-11-02,760.0,680.0,760.0,710.0,930,710.0
2020-11-04,710.0,695.0,695.0,710.0,190,710.0
2020-11-05,710.0,710.0,710.0,710.0,0,710.0
2020-11-06,720.0,720.0,720.0,720.0,50,720.0
2020-11-09,750.0,711.0,711.0,750.0,190,750.0
2020-11-10,779.0,770.0,770.0,779.0,600,779.0
2020-11-11,780.0,761.0,764.0,780.0,410,780.0
2020-11-12,766.0,766.0,766.0,766.0,20,766.0
2020-11-13,767.0,767.0,767.0,767.0,10,767.0
2020-11-16,798.0,767.0,767.0,798.0,780,798.0
2020-11-17,783.0,783.0,783.0,783.0,40,783.0
2020-11-18,815.0,784.0,784.0,815.0,30,815.0
2020-11-19,815.0,815.0,815.0,815.0,0,815.0
2020-11-20,809.0,809.0,809.0,809.0,10,809.0
2020-11-24,830.0,807.0,807.0,828.0,1300,828.0
2020-11-25,850.0,850.0,850.0,850.0,60,850.0
2020-11-26,850.0,850.0,850.0,850.0,140,850.0
2020-11-27,850.0,811.0,850.0,841.0,160,841.0
2020-11-30,842.0,842.0,842.0,842.0,20,842.0
2020-12-01,825.0,810.0,810.0,819.0,160,819.0
2020-12-02,842.0,813.0,842.0,828.0,50,828.0
2020-12-03,828.0,828.0,828.0,828.0,0,828.0
2020-12-04,845.0,828.0,828.0,845.0,70,845.0
2020-12-07,870.0,855.0,860.0,855.0,1000,855.0
2020-12-08,860.0,845.0,860.0,845.0,1160,845.0
2020-12-09,899.0,899.0,899.0,899.0,410,899.0
2020-12-10,899.0,899.0,899.0,899.0,40,899.0
2020-12-11,900.0,851.0,900.0,864.0,290,864.0
2020-12-14,887.0,851.0,864.0,887.0,300,887.0
2020-12-15,886.0,863.0,886.0,863.0,20,863.0
2020-12-16,930.0,888.0,888.0,890.0,460,890.0
2020-12-17,875.0,860.0,860.0,862.0,130,862.0
2020-12-18,881.0,881.0,881.0,881.0,20,881.0
2020-12-21,881.0,880.0,881.0,880.0,80,880.0
2020-12-22,880.0,880.0,880.0,880.0,0,880.0
2020-12-23,870.0,842.0,842.0,870.0,120,870.0
2020-12-24,880.0,855.0,866.0,880.0,180,880.0
2020-12-25,894.0,850.0,850.0,894.0,250,894.0
2020-12-28,899.0,894.0,899.0,894.0,70,894.0
2020-12-29,914.0,900.0,900.0,914.0,100,914.0
2020-12-30,930.0,914.0,914.0,930.0,210,930.0
2021-01-04,1000.0,903.0,903.0,950.0,430,950.0
2021-01-05,1010.0,970.0,1010.0,970.0,350,970.0
2021-01-06,1000.0,961.0,961.0,1000.0,140,1000.0
2021-01-07,1000.0,1000.0,1000.0,1000.0,260,1000.0
2021-01-08,1020.0,1000.0,1000.0,1020.0,430,1020.0
2021-01-12,1080.0,1020.0,1080.0,1050.0,1550,1050.0
2021-01-13,1040.0,1021.0,1021.0,1030.0,300,1030.0
2021-01-14,1040.0,1010.0,1030.0,1030.0,670,1030.0
2021-01-15,1050.0,1020.0,1044.0,1020.0,360,1020.0
2021-01-18,1030.0,1000.0,1030.0,1010.0,280,1010.0
2021-01-19,1010.0,980.0,980.0,1000.0,650,1000.0
2021-01-20,1030.0,1000.0,1000.0,1030.0,440,1030.0
2021-01-21,1051.0,995.0,1051.0,1009.0,5260,1009.0
2021-01-22,1069.0,1019.0,1069.0,1035.0,380,1035.0
2021-01-25,1169.0,1019.0,1030.0,1058.0,2500,1058.0
2021-01-26,1053.0,1000.0,1053.0,1000.0,710,1000.0
2021-01-27,1050.0,1001.0,1001.0,1050.0,130,1050.0
2021-01-28,1110.0,987.0,1110.0,1002.0,1590,1002.0
2021-01-29,1009.0,936.0,1009.0,947.0,1490,947.0
2021-02-01,962.0,930.0,932.0,958.0,600,958.0
2021-02-02,1000.0,943.0,943.0,1000.0,400,1000.0
2021-02-03,1025.0,971.0,1025.0,971.0,280,971.0
2021-02-04,1000.0,965.0,974.0,975.0,340,975.0
2021-02-05,983.0,965.0,965.0,982.0,160,982.0
2021-02-08,990.0,982.0,983.0,982.0,210,982.0
2021-02-09,983.0,966.0,982.0,968.0,1050,968.0
2021-02-10,979.0,952.0,968.0,979.0,1480,979.0
2021-02-12,985.0,964.0,964.0,985.0,60,985.0
2021-02-15,1008.0,980.0,988.0,1008.0,1220,1008.0
2021-02-16,1019.0,1002.0,1008.0,1013.0,230,1013.0
2021-02-17,1039.0,1035.0,1039.0,1039.0,100,1039.0
2021-02-18,1014.0,984.0,984.0,1014.0,20,1014.0
2021-02-19,1014.0,990.0,1014.0,990.0,110,990.0
2021-02-22,1079.0,990.0,1079.0,1000.0,480,1000.0
2021-02-24,990.0,931.0,990.0,966.0,780,966.0
2021-02-25,986.0,951.0,951.0,981.0,720,981.0
2021-02-26,959.0,942.0,942.0,942.0,800,942.0
2021-03-01,942.0,939.0,940.0,939.0,270,939.0
2021-03-02,982.0,932.0,932.0,962.0,760,962.0
2021-03-03,975.0,975.0,975.0,975.0,10,975.0
2021-03-04,975.0,975.0,975.0,975.0,0,975.0
2021-03-05,975.0,975.0,975.0,975.0,1000,975.0
2021-03-08,960.0,950.0,950.0,960.0,220,960.0
2021-03-09,945.0,918.0,945.0,920.0,320,920.0
2021-03-10,942.0,920.0,920.0,939.0,180,939.0
2021-03-11,942.0,942.0,942.0,942.0,10,942.0
2021-03-12,956.0,948.0,949.0,956.0,40,956.0
2021-03-15,967.0,956.0,956.0,967.0,110,967.0
2021-03-16,970.0,953.0,970.0,962.0,50,962.0
2021-03-17,947.0,947.0,947.0,947.0,20,947.0
2021-03-18,969.0,925.0,936.0,969.0,240,969.0
2021-03-19,955.0,954.0,955.0,954.0,80,954.0
2021-03-22,950.0,945.0,950.0,945.0,20,945.0
2021-03-23,960.0,940.0,945.0,940.0,40,940.0
2021-03-24,931.0,917.0,931.0,917.0,300,917.0
2021-03-25,932.0,907.0,917.0,931.0,940,931.0
2021-03-26,940.0,935.0,935.0,940.0,130,940.0
2021-03-29,940.0,940.0,940.0,940.0,0,940.0
2021-03-30,942.0,942.0,942.0,942.0,20,942.0
2021-03-31,974.0,961.0,961.0,974.0,70,974.0
2021-04-01,970.0,970.0,970.0,970.0,20,970.0
2021-04-02,970.0,961.0,970.0,961.0,360,961.0
2021-04-05,992.0,977.0,992.0,977.0,250,977.0
2021-04-06,995.0,995.0,995.0,995.0,10,995.0
2021-04-07,995.0,995.0,995.0,995.0,0,995.0
2021-04-08,980.0,972.0,972.0,980.0,60,980.0
2021-04-09,1003.0,976.0,1003.0,976.0,50,976.0
2021-04-12,976.0,976.0,976.0,976.0,0,976.0
2021-04-13,987.0,972.0,972.0,987.0,30,987.0
2021-04-14,987.0,987.0,987.0,987.0,0,987.0
2021-04-15,987.0,987.0,987.0,987.0,0,987.0
2021-04-16,1002.0,982.0,1002.0,992.0,190,992.0
2021-04-19,1005.0,1004.0,1004.0,1005.0,250,1005.0
2021-04-20,983.0,982.0,983.0,982.0,40,982.0
2021-04-21,982.0,982.0,982.0,982.0,0,982.0
2021-04-22,982.0,982.0,982.0,982.0,0,982.0
2021-04-23,982.0,982.0,982.0,982.0,0,982.0
2021-04-26,998.0,967.0,967.0,998.0,150,998.0
2021-04-27,1014.0,999.0,999.0,1013.0,50,1013.0
2021-04-28,1017.0,988.0,1015.0,988.0,90,988.0
2021-04-30,999.0,974.0,999.0,974.0,240,974.0
2021-05-06,974.0,974.0,974.0,974.0,20,974.0
2021-05-07,974.0,974.0,974.0,974.0,0,974.0
2021-05-10,973.0,963.0,973.0,963.0,30,963.0
2021-05-11,963.0,963.0,963.0,963.0,0,963.0
2021-05-12,963.0,963.0,963.0,963.0,0,963.0
2021-05-13,963.0,963.0,963.0,963.0,0,963.0
2021-05-14,989.0,945.0,950.0,989.0,50,989.0
2021-05-17,970.0,970.0,970.0,970.0,50,970.0
2021-05-18,968.0,968.0,968.0,968.0,10,968.0
2021-05-19,968.0,968.0,968.0,968.0,0,968.0
2021-05-20,968.0,968.0,968.0,968.0,0,968.0
2021-05-21,968.0,968.0,968.0,968.0,0,968.0
2021-05-24,967.0,967.0,967.0,967.0,10,967.0
2021-05-25,966.0,953.0,966.0,953.0,80,953.0
2021-05-26,960.0,959.0,959.0,960.0,80,960.0
2021-05-27,956.0,941.0,945.0,956.0,110,956.0
2021-05-28,970.0,970.0,970.0,970.0,20,970.0
2021-05-31,970.0,970.0,970.0,970.0,0,970.0
2021-06-01,970.0,970.0,970.0,970.0,0,970.0
2021-06-02,1013.0,1012.0,1013.0,1013.0,70,1013.0
2021-06-03,984.0,971.0,971.0,984.0,20,984.0
2021-06-04,980.0,980.0,980.0,980.0,10,980.0
2021-06-07,971.0,970.0,970.0,971.0,80,971.0
2021-06-08,1012.0,1008.0,1011.0,1012.0,140,1012.0
2021-06-09,981.0,974.0,974.0,977.0,320,977.0
2021-06-10,978.0,978.0,978.0,978.0,120,978.0
2021-06-11,989.0,980.0,986.0,981.0,210,981.0
2021-06-14,1000.0,998.0,1000.0,998.0,80,998.0
2021-06-15,999.0,999.0,999.0,999.0,30,999.0
2021-06-16,990.0,974.0,974.0,990.0,470,990.0
2021-06-17,997.0,997.0,997.0,997.0,50,997.0
2021-06-18,997.0,997.0,997.0,997.0,0,997.0
2021-06-21,997.0,997.0,997.0,997.0,0,997.0
2021-06-22,997.0,997.0,997.0,997.0,0,997.0
2021-06-23,997.0,997.0,997.0,997.0,0,997.0
2021-06-24,1000.0,982.0,982.0,1000.0,440,1000.0
2021-06-25,1012.0,991.0,1006.0,1004.0,380,1004.0
2021-06-28,1006.0,1006.0,1006.0,1006.0,20,1006.0
2021-06-29,1000.0,995.0,1000.0,995.0,120,995.0
2021-06-30,995.0,995.0,995.0,995.0,0,995.0
2021-07-01,995.0,995.0,995.0,995.0,0,995.0
2021-07-02,1010.0,991.0,1000.0,1006.0,140,1006.0
2021-07-05,1010.0,993.0,993.0,1010.0,270,1010.0
2021-07-06,1017.0,1009.0,1010.0,1016.0,90,1016.0
2021-07-07,1050.0,1040.0,1040.0,1040.0,180,1040.0
2021-07-08,1051.0,1010.0,1051.0,1010.0,400,1010.0
2021-07-09,996.0,996.0,996.0,996.0,30,996.0
2021-07-12,996.0,981.0,981.0,996.0,350,996.0
2021-07-13,1007.0,984.0,984.0,1007.0,40,1007.0
2021-07-14,1007.0,1007.0,1007.0,1007.0,30,1007.0
2021-07-15,1007.0,981.0,1007.0,994.0,340,994.0
2021-07-16,1030.0,995.0,995.0,1017.0,200,1017.0
2021-07-19,1024.0,994.0,1024.0,994.0,20,994.0
2021-07-20,986.0,986.0,986.0,986.0,30,986.0
2021-07-21,986.0,986.0,986.0,986.0,0,986.0
2021-07-26,998.0,990.0,998.0,990.0,30,990.0
2021-07-27,1000.0,990.0,990.0,1000.0,80,1000.0
2021-07-28,977.0,977.0,977.0,977.0,40,977.0
2021-07-29,1008.0,991.0,1005.0,1005.0,560,1005.0
2021-07-30,1010.0,980.0,984.0,1010.0,340,1010.0
2021-08-02,1020.0,1000.0,1010.0,1000.0,230,1000.0
2021-08-03,1000.0,981.0,981.0,994.0,300,994.0
2021-08-04,1010.0,991.0,1003.0,1007.0,230,1007.0
2021-08-05,1030.0,1018.0,1018.0,1030.0,190,1030.0
2021-08-06,1023.0,1011.0,1011.0,1023.0,60,1023.0
2021-08-10,1023.0,1023.0,1023.0,1023.0,0,1023.0
2021-08-11,1023.0,1023.0,1023.0,1023.0,0,1023.0
2021-08-12,1038.0,1020.0,1038.0,1020.0,20,1020.0
2021-08-13,1030.0,1030.0,1030.0,1030.0,20,1030.0
2021-08-16,1012.0,1010.0,1012.0,1010.0,20,1010.0
2021-08-17,1010.0,962.0,1000.0,966.0,150,966.0
2021-08-18,1010.0,999.0,1010.0,999.0,40,999.0
2021-08-19,999.0,982.0,999.0,982.0,20,982.0
2021-08-20,980.0,961.0,980.0,961.0,240,961.0
2021-08-23,989.0,946.0,946.0,989.0,20,989.0
2021-08-24,989.0,989.0,989.0,989.0,0,989.0
2021-08-25,980.0,980.0,980.0,980.0,100,980.0
2021-08-26,1004.0,965.0,965.0,1004.0,160,1004.0
2021-08-27,1004.0,1004.0,1004.0,1004.0,0,1004.0
2021-08-30,967.0,967.0,967.0,967.0,60,967.0
2021-08-31,982.0,959.0,959.0,982.0,70,982.0
2021-09-01,982.0,982.0,982.0,982.0,0,982.0
2021-09-02,982.0,982.0,982.0,982.0,0,982.0
2021-09-03,1006.0,972.0,972.0,1006.0,20,1006.0
2021-09-06,1006.0,1006.0,1006.0,1006.0,0,1006.0
2021-09-07,1006.0,1006.0,1006.0,1006.0,0,1006.0
2021-09-08,1006.0,1006.0,1006.0,1006.0,0,1006.0
2021-09-09,1006.0,1006.0,1006.0,1006.0,0,1006.0
2021-09-10,1000.0,1000.0,1000.0,1000.0,10,1000.0
2021-09-13,1000.0,1000.0,1000.0,1000.0,0,1000.0
2021-09-14,1000.0,1000.0,1000.0,1000.0,0,1000.0
2021-09-15,1000.0,1000.0,1000.0,1000.0,0,1000.0
2021-09-16,1000.0,1000.0,1000.0,1000.0,0,1000.0
2021-09-17,980.0,980.0,980.0,980.0,30,980.0
2021-09-21,980.0,980.0,980.0,980.0,0,980.0
2021-09-22,980.0,980.0,980.0,980.0,0,980.0
2021-09-24,980.0,980.0,980.0,980.0,0,980.0
2021-09-27,960.0,951.0,951.0,960.0,300,960.0
2021-09-28,979.0,979.0,979.0,979.0,30,979.0
2021-09-29,954.0,945.0,954.0,945.0,180,945.0
2021-09-30,960.0,960.0,960.0,960.0,10,960.0
2021-10-01,960.0,960.0,960.0,960.0,0,960.0
2021-10-04,940.0,940.0,940.0,940.0,10,940.0
2021-10-05,930.0,921.0,930.0,921.0,210,921.0
2021-10-06,921.0,921.0,921.0,921.0,0,921.0
2021-10-07,921.0,921.0,921.0,921.0,0,921.0
2021-10-08,930.0,915.0,915.0,930.0,90,930.0
2021-10-11,965.0,928.0,928.0,965.0,30,965.0
2021-10-12,920.0,904.0,920.0,918.0,510,918.0
2021-10-13,918.0,914.0,916.0,918.0,90,918.0
2021-10-14,939.0,939.0,939.0,939.0,120,939.0
2021-10-15,940.0,932.0,932.0,940.0,110,940.0
2021-10-18,970.0,960.0,970.0,960.0,20,960.0
2021-10-19,960.0,959.0,960.0,959.0,20,959.0
2021-10-20,958.0,939.0,940.0,955.0,1450,955.0
2021-10-21,940.0,940.0,940.0,940.0,1000,940.0
2021-10-22,975.0,932.0,932.0,965.0,2330,965.0
2021-10-25,945.0,936.0,936.0,945.0,370,945.0
2021-10-26,955.0,955.0,955.0,955.0,20,955.0
2021-10-27,965.0,965.0,965.0,965.0,20,965.0
2021-10-28,970.0,970.0,970.0,970.0,10,970.0
2021-10-29,970.0,970.0,970.0,970.0,50,970.0
2021-11-01,970.0,955.0,955.0,955.0,30,955.0
2021-11-02,955.0,955.0,955.0,955.0,0,955.0
2021-11-04,955.0,955.0,955.0,955.0,0,955.0
2021-11-05,929.0,929.0,929.0,929.0,80,929.0
2021-11-08,929.0,929.0,929.0,929.0,0,929.0
2021-11-09,940.0,940.0,940.0,940.0,10,940.0
2021-11-10,929.0,929.0,929.0,929.0,10,929.0
2021-11-11,929.0,929.0,929.0,929.0,40,929.0
2021-11-12,959.0,956.0,956.0,959.0,60,959.0
2021-11-15,955.0,955.0,955.0,955.0,20,955.0
2021-11-16,955.0,955.0,955.0,955.0,0,955.0
2021-11-17,940.0,940.0,940.0,940.0,20,940.0
2021-11-18,940.0,940.0,940.0,940.0,0,940.0
2021-11-19,940.0,940.0,940.0,940.0,0,940.0
2021-11-22,965.0,931.0,950.0,965.0,30,965.0
2021-11-24,965.0,965.0,965.0,965.0,0,965.0
2021-11-25,927.0,927.0,927.0,927.0,10,927.0
2021-11-26,927.0,927.0,927.0,927.0,0,927.0
2021-11-29,930.0,918.0,921.0,920.0,130,920.0
2021-11-30,950.0999755859375,890.0,950.0999755859375,890.0,110,890.0
2021-12-01,890.0,890.0,890.0,890.0,0,890.0
2021-12-02,890.0,890.0,890.0,890.0,0,890.0
2021-12-03,890.0,890.0,890.0,890.0,0,890.0
2021-12-06,890.0,890.0,890.0,890.0,0,890.0
2021-12-07,925.0,910.0999755859375,910.2000122070312,925.0,60,925.0
2021-12-08,947.0,925.0,925.0,944.0,360,944.0
2021-12-09,950.0,945.0,950.0,946.0,170,946.0
2021-12-10,946.0,946.0,946.0,946.0,0,946.0
2021-12-13,950.0,950.0,950.0,950.0,30,950.0
2021-12-14,950.0,950.0,950.0,950.0,0,950.0
2021-12-15,950.0,950.0,950.0,950.0,0,950.0
2021-12-16,950.0,950.0,950.0,950.0,0,950.0
2021-12-17,950.0,950.0,950.0,950.0,0,950.0
2021-12-20,959.5999755859375,959.5999755859375,959.5999755859375,959.5999755859375,10,959.5999755859375
2021-12-21,959.5999755859375,959.5999755859375,959.5999755859375,959.5999755859375,0,959.5999755859375
2021-12-22,959.7000122070312,959.7000122070312,959.7000122070312,959.7000122070312,100,959.7000122070312
2021-12-23,959.7000122070312,959.7000122070312,959.7000122070312,959.7000122070312,0,959.7000122070312
2021-12-24,959.7000122070312,959.7000122070312,959.7000122070312,959.7000122070312,0,959.7000122070312
2021-12-27,944.7000122070312,935.0,944.7000122070312,935.0,110,935.0
2021-12-28,948.0,948.0,948.0,948.0,10,948.0
2021-12-29,948.0,948.0,948.0,948.0,20,948.0
2021-12-30,948.0,948.0,948.0,948.0,1690,948.0
2022-01-04,959.0,948.4000244140625,948.4000244140625,959.0,20,959.0
2022-01-05,959.0,931.0,959.0,931.0,30,931.0
2022-01-06,979.0,970.0,979.0,970.0,210,970.0
2022-01-07,966.0,966.0,966.0,966.0,20,966.0
2022-01-11,966.0,966.0,966.0,966.0,30,966.0
2022-01-12,966.0,966.0,966.0,966.0,0,966.0
2022-01-13,980.0,966.0,966.0,980.0,30,980.0
2022-01-14,988.7999877929688,966.0,988.7999877929688,966.0,190,966.0
2022-01-17,966.0,966.0,966.0,966.0,0,966.0
2022-01-18,966.2000122070312,966.2000122070312,966.2000122070312,966.2000122070312,30,966.2000122070312
2022-01-19,966.2000122070312,966.2000122070312,966.2000122070312,966.2000122070312,0,966.2000122070312
2022-01-20,922.5999755859375,922.5999755859375,922.5999755859375,922.5999755859375,20,922.5999755859375
2022-01-21,922.5999755859375,922.5999755859375,922.5999755859375,922.5999755859375,0,922.5999755859375
2022-01-24,922.5999755859375,922.5999755859375,922.5999755859375,922.5999755859375,0,922.5999755859375
2022-01-25,922.5999755859375,922.5999755859375,922.5999755859375,922.5999755859375,0,922.5999755859375
2022-01-26,930.0,920.0,930.0,920.0,140,920.0
2022-01-27,900.5999755859375,835.0,900.5,835.0,800,835.0
2022-01-28,831.2999877929688,831.0999755859375,831.2999877929688,831.0999755859375,30,831.0999755859375
2022-01-31,832.0999755859375,832.0999755859375,832.0999755859375,832.0999755859375,20,832.0999755859375
2022-02-01,892.0,877.0,877.0,892.0,60,892.0
2022-02-02,891.5,891.5,891.5,891.5,10,891.5
2022-02-03,891.5,891.5,891.5,891.5,0,891.5
2022-02-04,891.5,891.5,891.5,891.5,0,891.5
2022-02-07,899.0,899.0,899.0,899.0,120,899.0
2022-02-08,899.0,899.0,899.0,899.0,0,899.0
2022-02-09,899.0,899.0,899.0,899.0,0,899.0
2022-02-10,899.0,899.0,899.0,899.0,0,899.0
2022-02-14,899.0,899.0,899.0,899.0,0,899.0
2022-02-15,899.0,899.0,899.0,899.0,10,899.0
2022-02-16,900.0,900.0,900.0,900.0,100,900.0
2022-02-17,899.9000244140625,899.9000244140625,899.9000244140625,899.9000244140625,10,899.9000244140625
2022-02-18,866.0,854.9000244140625,854.9000244140625,866.0,630,866.0
2022-02-21,879.9000244140625,856.2000122070312,879.9000244140625,860.0,50,860.0
2022-02-22,851.5999755859375,851.5999755859375,851.5999755859375,851.5999755859375,20,851.5999755859375
2022-02-24,850.5,850.5,850.5,850.5,120,850.5
2022-02-25,851.0,851.0,851.0,851.0,10,851.0
2022-02-28,851.0,851.0,851.0,851.0,0,851.0
2022-03-01,851.0,851.0,851.0,851.0,0,851.0
2022-03-02,851.0,851.0,851.0,851.0,0,851.0
2022-03-03,851.0,851.0,851.0,851.0,0,851.0
2022-03-04,851.0,821.0,851.0,837.0,300,837.0
2022-03-07,837.0,837.0,837.0,837.0,0,837.0
2022-03-08,837.0,837.0,837.0,837.0,0,837.0
2022-03-09,837.0,837.0,837.0,837.0,0,837.0
2022-03-10,940.0,870.0,940.0,930.0,170,930.0
2022-03-11,859.9000244140625,850.0,850.0,859.9000244140625,30,859.9000244140625
2022-03-14,870.0,835.0,870.0,835.0,50,835.0
2022-03-15,830.0,830.0,830.0,830.0,10,830.0
2022-03-16,830.0,830.0,830.0,830.0,0,830.0
2022-03-17,830.0,830.0,830.0,830.0,0,830.0
2022-03-18,905.0,840.5999755859375,905.0,841.5,320,841.5
2022-03-22,859.0,844.4000244140625,844.4000244140625,859.0,30,859.0
2022-03-23,883.0,870.0999755859375,870.0999755859375,881.0,140,881.0
2022-03-24,911.0,911.0,911.0,911.0,20,911.0
2022-03-25,911.0,911.0,911.0,911.0,0,911.0
2022-03-28,911.0,911.0,911.0,911.0,0,911.0
2022-03-29,911.0,911.0,911.0,911.0,0,911.0
2022-03-30,911.0,911.0,911.0,911.0,0,911.0
2022-03-31,922.0,910.0,910.0,922.0,120,922.0
2022-04-01,922.0,922.0,922.0,922.0,0,922.0
2022-04-04,922.0,922.0,922.0,922.0,0,922.0
2022-04-05,922.0,922.0,922.0,922.0,0,922.0
2022-04-06,922.0,922.0,922.0,922.0,0,922.0
2022-04-07,912.0,901.0,901.0,912.0,90,912.0
2022-04-08,912.0,912.0,912.0,912.0,0,912.0
2022-04-11,912.0,912.0,912.0,912.0,0,912.0
2022-04-12,912.0,912.0,912.0,912.0,0,912.0
2022-04-13,912.0,912.0,912.0,912.0,0,912.0
2022-04-14,912.0,912.0,912.0,912.0,0,912.0
2022-04-15,912.0,912.0,912.0,912.0,0,912.0
2022-04-18,912.0,912.0,912.0,912.0,0,912.0
2022-04-19,912.0,912.0,912.0,912.0,0,912.0
2022-04-20,930.0,930.0,930.0,930.0,10,930.0
2022-04-21,930.0,930.0,930.0,930.0,0,930.0
2022-04-22,930.0,930.0,930.0,930.0,0,930.0
2022-04-25,955.0,940.0,940.0,955.0,100,955.0
2022-04-26,955.0,955.0,955.0,955.0,0,955.0
2022-04-27,955.0,955.0,955.0,955.0,0,955.0
2022-04-28,955.0,955.0,955.0,955.0,0,955.0
2022-05-02,925.0,920.0,920.2999877929688,925.0,80,925.0
2022-05-06,930.0,930.0,930.0,930.0,60,930.0
2022-05-09,930.0,930.0,930.0,930.0,0,930.0
2022-05-10,900.0,900.0,900.0,900.0,10,900.0
2022-05-11,885.0,860.5,860.5,885.0,280,885.0
2022-05-12,880.0,880.0,880.0,880.0,40,880.0
2022-05-13,880.0,880.0,880.0,880.0,0,880.0
2022-05-16,880.0,880.0,880.0,880.0,50,880.0
2022-05-17,880.0,880.0,880.0,880.0,0,880.0
2022-05-18,900.0,895.0,895.0,900.0,80,900.0
2022-05-19,900.0,900.0,900.0,900.0,0,900.0
2022-05-20,900.0,900.0,900.0,900.0,0,900.0
2022-05-23,900.0,900.0,900.0,900.0,0,900.0
2022-05-24,900.0,900.0,900.0,900.0,0,900.0
2022-05-25,890.2999877929688,890.2999877929688,890.2999877929688,890.2999877929688,10,890.2999877929688
2022-05-26,890.0999755859375,890.0999755859375,890.0999755859375,890.0999755859375,20,890.0999755859375
2022-05-27,890.0999755859375,890.0999755859375,890.0999755859375,890.0999755859375,0,890.0999755859375
2022-05-30,890.0999755859375,890.0999755859375,890.0999755859375,890.0999755859375,10,890.0999755859375
2022-05-31,890.0999755859375,890.0999755859375,890.0999755859375,890.0999755859375,0,890.0999755859375
2022-06-01,892.2000122070312,892.2000122070312,892.2000122070312,892.2000122070312,10,892.2000122070312
2022-06-02,892.2000122070312,892.2000122070312,892.2000122070312,892.2000122070312,0,892.2000122070312
2022-06-03,900.2000122070312,900.0,900.2000122070312,900.0999755859375,100,900.0999755859375
2022-06-06,900.0999755859375,900.0999755859375,900.0999755859375,900.0999755859375,0,900.0999755859375
2022-06-07,975.0,900.0,949.9000244140625,900.0999755859375,720,900.0999755859375
2022-06-08,900.0999755859375,900.0999755859375,900.0999755859375,900.0999755859375,0,900.0999755859375
2022-06-09,970.0,970.0,970.0,970.0,460,970.0
2022-06-10,960.0,920.0,960.0,920.0,50,920.0
2022-06-13,917.0,917.0,917.0,917.0,120,917.0
2022-06-14,910.0,900.0,910.0,900.0,30,900.0
2022-06-15,900.0,900.0,900.0,900.0,50,900.0
